-- =============================================================================
-- MASAPP Seed Data (SQLite)
-- =============================================================================

-- Departments
INSERT INTO departments (dept_id, dept_code, dept_name) VALUES
  ('00000000-0000-0000-0000-000000000001', 'MAINT', 'แผนกซ่อมบำรุง'),
  ('00000000-0000-0000-0000-000000000002', 'PROD',  'แผนกผลิต'),
  ('00000000-0000-0000-0000-000000000003', 'QA',    'แผนกควบคุมคุณภาพ'),
  ('00000000-0000-0000-0000-000000000004', 'SAFETY','แผนกความปลอดภัย'),
  ('00000000-0000-0000-0000-000000000005', 'STORE', 'คลังสินค้า');

-- Admin user (password: Admin@1234)
INSERT OR REPLACE INTO users (user_id, employee_no, username, full_name, email, role, dept_id, password_hash) VALUES
  ('00000000-0000-0000-0001-000000000001',
   'EMP001', 'admin', 'System Administrator', 'admin@masapp.local',
   'admin', '00000000-0000-0000-0000-000000000001',
   'Admin@1234'
  );

-- Machine Categories
INSERT INTO machine_categories (category_id, code, name) VALUES
  ('00000000-0000-0000-0002-000000000001', 'ELECTRICAL', 'ระบบไฟฟ้า'),
  ('00000000-0000-0000-0002-000000000002', 'MECHANICAL', 'เครื่องจักรกล'),
  ('00000000-0000-0000-0002-000000000003', 'HYDRAULIC',  'ระบบไฮดรอลิก'),
  ('00000000-0000-0000-0002-000000000004', 'PNEUMATIC',  'ระบบลม'),
  ('00000000-0000-0000-0002-000000000005', 'CONVEYOR',   'สายพานลำเลียง'),
  ('00000000-0000-0000-0002-000000000006', 'HVAC',       'ระบบปรับอากาศ'),
  ('00000000-0000-0000-0002-000000000007', 'UTILITY',    'สาธารณูปโภค'),
  ('00000000-0000-0000-0002-000000000008', 'PRODUCTION', 'เครื่องจักรผลิต');

-- App settings defaults
INSERT INTO app_settings (setting_key, setting_value, description) VALUES
  ('app.company_name', 'โรงงานตัวอย่าง จำกัด', 'ชื่อบริษัท'),
  ('app.logo_path', '', 'Path to company logo'),
  ('wo.auto_sla_critical_hrs', '2', 'SLA hours for critical WO'),
  ('wo.auto_sla_high_hrs', '8', 'SLA hours for high priority WO'),
  ('wo.auto_sla_medium_hrs', '24', 'SLA hours for medium priority WO'),
  ('wo.auto_sla_low_hrs', '72', 'SLA hours for low priority WO'),
  ('stock.low_stock_alert_enabled', 'true', 'Enable low stock alerts'),
  ('permit.require_gas_test_confined', 'true', 'Require gas test for confined space'),
  ('am.compliance_target_pct', '95', 'Target AM compliance %');

-- Sample Machines
INSERT INTO machines (machine_id, machine_no, asset_no, brand, model, serial_no, category_id, dept_id, location, status, installation_date, created_by) VALUES
  ('00000000-0000-0000-0003-000000000001', 'MCH-001', 'ASSET-001', 'Siemens', 'S7-1200', 'SN-001-2024', '00000000-0000-0000-0002-000000000001', '00000000-0000-0000-0000-000000000002', 'Floor 1, Zone A', 'normal', '2024-01-15', '00000000-0000-0000-0001-000000000001'),
  ('00000000-0000-0000-0003-000000000002', 'MCH-002', 'ASSET-002', 'ABB', 'ACS880', 'SN-002-2024', '00000000-0000-0000-0002-000000000001', '00000000-0000-0000-0000-000000000002', 'Floor 1, Zone B', 'normal', '2024-02-20', '00000000-0000-0000-0001-000000000001'),
  ('00000000-0000-0000-0003-000000000003', 'MCH-003', 'ASSET-003', 'Hyundai', 'EX220', 'SN-003-2023', '00000000-0000-0000-0002-000000000002', '00000000-0000-0000-0000-000000000002', 'Floor 2, Zone C', 'normal', '2023-06-10', '00000000-0000-0000-0001-000000000001'),
  ('00000000-0000-0000-0003-000000000004', 'MCH-004', 'ASSET-004', 'Parker', 'PV', 'SN-004-2023', '00000000-0000-0000-0002-000000000003', '00000000-0000-0000-0000-000000000002', 'Floor 1, Zone D', 'normal', '2023-09-05', '00000000-0000-0000-0001-000000000001');

-- Sample Machine Specs
INSERT INTO machine_specs (spec_id, machine_id, power_kw, voltage_v, current_a, frequency_hz, rpm) VALUES
  ('00000000-0000-0000-0004-000000000001', '00000000-0000-0000-0003-000000000001', 5.5, 480, 8.0, 60, 3600),
  ('00000000-0000-0000-0004-000000000002', '00000000-0000-0000-0003-000000000002', 7.5, 480, 12.0, 60, 1800),
  ('00000000-0000-0000-0004-000000000003', '00000000-0000-0000-0003-000000000003', 22, 480, 32.0, 60, 1500),
  ('00000000-0000-0000-0004-000000000004', '00000000-0000-0000-0003-000000000004', 15, 350, 50.0, 60, 2300);

-- Sample Factory Layout
INSERT INTO factory_layouts (layout_id, layout_name, floor_no, width_m, height_m, created_by) VALUES
  ('00000000-0000-0000-0005-000000000001', 'Floor 1 - Production Area', 1, 50, 40, '00000000-0000-0000-0001-000000000001');

-- Sample Layout Zones
INSERT INTO layout_zones (zone_id, layout_id, zone_name, x_start, y_start, x_end, y_end) VALUES
  ('00000000-0000-0000-0006-000000000001', '00000000-0000-0000-0005-000000000001', 'Zone A - Assembly', 0, 0, 20, 20),
  ('00000000-0000-0000-0006-000000000002', '00000000-0000-0000-0005-000000000001', 'Zone B - Testing', 20, 0, 40, 20),
  ('00000000-0000-0000-0006-000000000003', '00000000-0000-0000-0005-000000000001', 'Zone C - Packaging', 40, 0, 50, 20),
  ('00000000-0000-0000-0006-000000000004', '00000000-0000-0000-0005-000000000001', 'Zone D - Storage', 0, 20, 25, 40);

-- Sample Machine Positions on Layout
INSERT INTO machine_positions (position_id, layout_id, machine_id, x_position, y_position) VALUES
  ('00000000-0000-0000-0007-000000000001', '00000000-0000-0000-0005-000000000001', '00000000-0000-0000-0003-000000000001', 10, 8),
  ('00000000-0000-0000-0007-000000000002', '00000000-0000-0000-0005-000000000001', '00000000-0000-0000-0003-000000000002', 30, 8),
  ('00000000-0000-0000-0007-000000000003', '00000000-0000-0000-0005-000000000001', '00000000-0000-0000-0003-000000000003', 45, 8),
  ('00000000-0000-0000-0007-000000000004', '00000000-0000-0000-0005-000000000001', '00000000-0000-0000-0003-000000000004', 12, 30);

-- Sample Running Hours (for analytics)
INSERT INTO machine_running_hours (hours_id, machine_id, cumulative_hours, daily_hours, recorded_date) VALUES
  ('00000000-0000-0000-0008-000000000001', '00000000-0000-0000-0003-000000000001', 2400, 8.0, '2026-04-15'),
  ('00000000-0000-0000-0008-000000000002', '00000000-0000-0000-0003-000000000002', 3200, 8.0, '2026-04-15'),
  ('00000000-0000-0000-0008-000000000003', '00000000-0000-0000-0003-000000000003', 5100, 6.5, '2026-04-15'),
  ('00000000-0000-0000-0008-000000000004', '00000000-0000-0000-0003-000000000004', 1800, 7.0, '2026-04-15');
